<?xml version="1.0" encoding="utf-8"?>
<extension type="module" version="3.1.0" client="site" method="upgrade">
    <name>FFIS Joomla</name>
    <author>Torben Voltmer</author>
    <version>0.0.1</version>
    <description></description>
    <files>
        <filename>mod_ffis.xml</filename>
        <filename module="mod_ffis">mod_ffis.php</filename>
        <filename>index.html</filename>
        <filename>helper.php</filename>			
        <filename>tmpl/default.php</filename>
        <filename>tmpl/index.html</filename>
    </files>
    <config>
    </config>
</extension>
